<?xml version="1.0" encoding="UTF-8"?>
<project-private xmlns="http://www.netbeans.org/ns/project-private/1">
    <editor-bookmarks xmlns="http://www.netbeans.org/ns/editor-bookmarks/2" lastBookmarkId="0"/>
    <open-files xmlns="http://www.netbeans.org/ns/projectui-open-files/2">
        <group>
            <file>file:/C:/wamp/www/studio_1/application/controllers/welcome.php</file>
            <file>file:/C:/wamp/www/studio_1/application/controllers/paypal/payflow.php</file>
            <file>file:/C:/wamp/www/studio_1/latestMain/css/custom_style_home.css</file>
            <file>file:/C:/wamp/www/studio_1/application/views/myhomel1.php</file>
            <file>file:/C:/wamp/www/studio_1/application/controllers/student.php</file>
            <file>file:/C:/wamp/www/studio_1/application/config/paypal-sample.php</file>
            <file>file:/C:/wamp/www/studio_1/application/views/dashboard/content/student/course_purchase.php</file>
            <file>file:/C:/wamp/www/studio_1/application/controllers/paypal/test.php</file>
            <file>file:/C:/wamp/www/studio_1/application/controllers/paypal/payments_pro.php</file>
        </group>
    </open-files>
</project-private>
